layer,sample_index ,self.sample_count_in_period,prediction,prediction_window_vote,reconstruction_error,change_point,threshold,p_values,time
application,1,1,1,0,0.602403329871555,0,0.4348852857347927,0,13:53:12.000000 - Feb 24 2024
application,2,2,1,0,0.5691723196102391,0,0.4348852857347927,0,13:53:15.000000 - Feb 24 2024
application,3,3,0,0,0.24867917943518567,0,0.4348852857347927,0,13:53:17.000000 - Feb 24 2024
application,4,4,0,0,0.2950037917514696,0,0.4348852857347927,0,13:53:19.000000 - Feb 24 2024
application,5,5,0,0,0.2720341496662503,0,0.4348852857347927,0,13:53:20.000000 - Feb 24 2024
application,6,6,0,0,0.24041240152591484,0,0.4348852857347927,0,13:53:22.000000 - Feb 24 2024
